Chris Holman ,Image Prompt,Status,post discription
,,,
"Whatâ€™s the most chaotic project youâ€™ve ever seen? Mine involved AI, a spreadsheet with 47 tabs, and zero project plan. Hereâ€™s how I turned it aroundâ€¦","A chaotic office desk covered in tangled computer cables, sticky notes, and a giant AI robot trying to organize papers",POSTED,"The secret to staying relevant in your career? Lifelong learning. 

In our fast-paced world, skills can become outdated overnight. Embracing a mindset of continuous growth not only enhances your expertise but also opens doors to new opportunities. Whether it's taking online courses, attending workshops, or simply reading industry-related books, investing in yourself pays off. 

Whatâ€™s the last new skill you learned? Letâ€™s inspire each other with our growth journeys!"
,,,
AI isnâ€™t here to take your job â€” itâ€™s here to take the parts you hate about your job. Hereâ€™s one process I automated that gave a team back 10 hours a week.,A person happily walking away from a desk while a friendly AI robot handles piles of repetitive paperwork,POSTED,"ğŸš€ Think AI is here to take your job? Think again! Itâ€™s here to take away the parts you dread. 

Just last quarter, my team faced a daunting challenge: an overflowing inbox of repetitive administrative tasks that consumed hours every week. 

To tackle this, we implemented an AI-powered automation tool for our project updates. Hereâ€™s how it transformed our workflow:

- **Before automation:** Team members spent around 2 hours daily compiling reports and updating stakeholders.
- **After automation:** The new system generated reports in under 5 minutes and sent them automatically.

By reallocating those 10 hours a week, our team refocused on strategic initiatives. The result? Increased productivity and higher employee satisfaction. 

ğŸ¤” The lesson here is clear: Identify mundane tasks in your workload that can be automated, and free up time for impactful work!

So, what tasks in your day-to-day do you wish could be automated? Let's discuss in the comments! 

#AI #Automation #Productivity #ProjectManagement #WorkSmarter #BusinessEfficiency"
,,,
"If your AI project doesnâ€™t have a project manager, itâ€™s not an AI project â€” itâ€™s a science experiment. Hereâ€™s why oversight = ROI.",A scientist in a messy lab with an AI robot holding a project management clipboard and keeping everything in order,POSTED,"ğŸ” If your AI project lacks a dedicated project manager, itâ€™s not a true AI initiativeâ€”itâ€™s merely a science experiment! 

Many organizations jump headfirst into AI, driven by shiny tech promises. But without proper oversight, your innovative ideas can quickly devolve into chaos and frustration. 

ğŸš€ **Here's why project management is crucial:**

1. **Clarifies Objectives:** A project manager ensures everyone is aligned on goals. This clarity is vital for prioritizing tasks and measuring success.

2. **Mitigates Risks:** AI projects can encounter unexpected issues. A good project manager monitors progress and adapts strategies to navigate challenges effectively.

3. **Fosters Collaboration:** Success in AI relies on interdisciplinary teamwork. Project managers facilitate communication between tech teams, data scientists, and business stakeholders.

A well-managed AI project optimizes resources and maximizes ROI. Remember, in the world of AI, effective oversight is the bridge between an experiment and a successful solution.

ğŸ’¡ **Actionable Tip:** Designate a project manager for your upcoming AI initiative and see the transformation. 

How has project management impacted your AI projects? Share your experiences! 

#AI #ProjectManagement #BusinessProductivity #TechInnovation #DataStrategy #Leadership #ROI"
,,,
The 3 most common mistakes I see when businesses try to implement AI automation â€” and how to fix them before they burn time and money.,Three large road signs labeled â€œMistakesâ€ with a confident project manager redirecting AI robots onto the correct path,POSTED,"ğŸš¨ **Are you about to launch an AI automation initiative?** Beware of these common pitfalls! ğŸš¨

In my experience working with various businesses, I've spotted three frequent mistakes that can derail even the best AI automation strategiesâ€”and waste precious resources.

1. **Lack of Clear Objectives**: Many jump in without defining what success looks like. Ask yourself: What specific problem are you trying to solve? 
   
2. **Underestimating the Complexity**: AI isnâ€™t a magic wand. It requires quality data, talent, and time. Businesses often misjudge the level of integration needed.

3. **Ignoring Change Management**: Itâ€™s not just about the technology. Employees need to be engaged and trained to trust and leverage new tools effectively.

**How to Fix These Mistakes**:  

- Start with clear goals: Define KPIs that matter.
- Invest in data quality and skilled personnel: The right groundwork is crucial.
- Foster a culture of continuous learning: Empower your team to adapt.

Avoid these pitfalls, and watch your AI automation drive productivity like never before!

What challenges have you faced in implementing AI? Share your experiences! 

#AI #Automation #BusinessProductivity #ProjectManagement #DigitalTransformation #Leadership #ChangeManagement"
,,,
"Your data is trying to tell you a story. Are you listening, or just letting it sit there in a dashboard looking pretty?",A data dashboard coming alive as animated graphs and charts speak to a person listening attentively,POSTED,"ğŸ” Your data is trying to tell you a story. Are you listening, or just letting it sit there in a dashboard looking pretty? 

We often invest heavily in data visualization tools, creating stunning dashboards packed with metrics. But the real magic? It lies in interpreting and acting on those insights. 

Consider this: A marketing team I worked with was drowning in numbersâ€”clicks, impressions, and conversion rates galore. Yet, they missed a crucial pattern: their highest engagement came from a specific audience segment they never targeted. 

Once they tailored their campaigns to that group, ROI skyrocketed by 30% in just a quarter. 

Hereâ€™s how you can turn data into action: 

- **Dig Deep**: Donâ€™t just glance at metrics. Ask ""why"" and ""how.""
- **Narrate the Findings**: Share insights with your team to spark creativity and ownership.
- **Iterate**: Use data stories to pivot your strategy in real-time. 

Remember, your dashboards are more than pretty visuals; they are treasure maps guiding you to success. 

What story is your data telling you today? 

#DataDriven #BusinessIntelligence #Analytics #Productivity #AI #ProjectManagement #DataStorytelling"
,,,
Case study: How I automated a reporting process and saved a client 15 hours a week (and one very grumpy analyst).,A tired analyst smiling while an AI robot delivers a neatly automated report in a shiny folder,POSTED,"ğŸš€ **Life-Changing Automation Alert!** ğŸš€

Imagine this: a high-performing analyst spending 15 hours a week on manual reporting. Frustrating, right? That was the reality for one of my clients before we decided to shake things up with automation.

We identified repetitive tasks in their reporting process and began by implementing a simple automation tool. Hereâ€™s how we did it:

ğŸ”¹ **Streamlined Data Gathering:** Used integrations to pull data from multiple sources automatically.

ğŸ”¹ **Dynamic Reporting Structure:** Created templates that updated in real-time, shaving off time spent formatting and reviewing.

ğŸ”¹ **Collaborative Dashboards:** Set up interactive dashboards, enabling instant insights without the back-and-forth communication.

The result? We saved 15 hours a week with something as simple as a few automation tools. And the best part? That once-grumpy analyst transformed into a productivity champion, now focusing on strategic insights rather than mundane tasks.

ğŸ’¡ **Takeaway:** Donâ€™t underestimate the power of automation. Small changes lead to significant time savings and happier teams.

How have you leveraged automation in your workflow?

#Automation #Productivity #ProjectManagement #DataAnalytics #WorkSmarterNotHarder #Efficiency #BusinessGrowth"
,,,
"AI tools are the interns of the digital world â€” brilliant in some areas, but they still need supervision.",An AI robot dressed like an intern handing coffee to a project manager while accidentally spilling papers,POSTED,"ğŸ§  AI tools are the interns of the digital worldâ€”brilliant in some areas, but they still need supervision.  

Think about it. When you onboard an intern, you donâ€™t just throw them into the deep end and hope for the best. You mentor them, provide guidance, and check their work along the way. The same principle applies with AI.  

For example, I recently implemented an AI-driven project management tool in my team. While it accelerated our workflow by automating repetitive tasks like scheduling and progress tracking, we still had to review its suggestions critically.  

Here are a few key takeaways to make your AI ""interns"" work for you:  

- **Provide Clear Guidelines:** Define the scope and set parameters for AI tasks.  
- **Monitor Outputs:** Regularly review results to ensure quality and relevance.  
- **Iterate and Improve:** Use feedback to refine AI algorithms and enhance their effectiveness.  

Remember, AI is an incredible asset that can boost productivityâ€”but itâ€™s not a substitute for human judgment. What are your experiences with AI tools? Have they become your trusted interns yet?  

#AI #Productivity #ProjectManagement #DigitalTransformation #BusinessStrategy #Automation #Leadership"
,,,
"Before & After: What happens when a business pairs AI automation with strong project management (spoiler: fewer fires, more profits).","A dramatic split-screen: left side shows messy office chaos, right side shows organized workspace thanks to AI",POSTED,"ğŸ”¥ Ever wonder what happens when you pair AI automation with strong project management? Spoiler alert: fewer fires, more profits! 

Before integrating AI, my team struggled with mundane tasks that consumed our time and energy. We were stuck in the cycle of last-minute changes and constant fire drills, leaving us exhausted and unfocused. 

Then we turned the lights on with AI tools. Hereâ€™s how our workflow shifted dramatically: 

1. **Task Management Made Easy:** Automated reminders and task assignments freed up my team to focus on strategic decisions.
   
2. **Data-Driven Insights:** Predictive analytics helped us identify potential pitfalls before they became issues, allowing for proactive adjustments.

3. **Streamlined Communication:** AI chatbots streamlined internal communications, ensuring everyone was on the same page without the overwhelming email threads.

The result? A cohesive team that meets deadlines with precision and drives higher profits! 

ğŸ’¡ Actionable takeaway: Start small by automating a single process in your project management strategy. Youâ€™ll be amazed at the time and energy savings.

What project management pains could AI help you alleviate? Letâ€™s discuss! â¬‡ï¸

#AI #Automation #ProjectManagement #BusinessProductivity #Teamwork #Innovation #Leadership"
,,,
"Your KPIs are like your GPS â€” if you donâ€™t check them, youâ€™re going to end up in the middle of nowhere.",A GPS navigation map on a computer screen where â€œKPIsâ€ is the destination and an AI robot drives the car,POSTED,"ğŸš— Your KPIs are like your GPS: check them, or risk getting lost! 

In today's fast-paced business landscape, I often see companies setting KPIs but then ignoring them. Just like driving without following your GPS, not tracking these metrics can lead you into uncharted territory. 

Letâ€™s consider a marketing team I worked with. They aimed for a 20% increase in lead generation but didnâ€™t monitor their progress. Three months in, they realized their campaigns were off-courseâ€”falling short at only 10%. 

By implementing regular KPI reviews, they were able to:

- Identify underperforming channels
- Reallocate resources wisely 
- Optimize their strategy in real-time

The outcome? They not only hit their goal but surpassed it by 5%. 

The lesson here is simple: make KPI check-ins a part of your routine. Whether it's weekly or monthly, be vigilant about your metrics. 

What KPIs are you tracking this quarter? Let's share insights!

#BusinessGrowth #KPIs #Productivity #DataDriven #MarketingStrategy #ProjectManagement"
,,,
Hereâ€™s a quick 3-step workflow I use to automate repetitive data tasks without breaking the budget., A step-by-step visual diagram of an AI automating repetitive spreadsheet tasks,POSTED,"ğŸš€ **Streamline Your Workflow: Automate Without the Overhead**

Are repetitive data tasks stealing your precious time? You're not alone! I faced the same dilemma until I discovered this simple 3-step automation workflow.

**Step 1: Identify Your Repetitive Tasks**  
Begin by auditing your daily activities. List tasks that consume the most timeâ€”like data entry, report generation, or email sorting. Identifying these time-suckers is the first step toward liberation!

**Step 2: Select the Right Tools**  
You donâ€™t need a hefty budget to automate. Tools like Zapier, Integromat, and even Excelâ€™s built-in features can work wonders. For instance, I automate sales report generation in Excel; it cuts my prep time in half!

**Step 3: Set Up, Test, and Optimize**  
Take a test run with your automation setup. Tweak until it runs smoothly. Check in weekly to refine and optimize based on feedbackâ€”always strive for improvement.

ğŸ’¡ **The takeaway?** Intelligent automation can save you hours, reduce errors, and free you up to focus on strategic tasks.

What repetitive tasks can you automate today? Letâ€™s share our automation hacks! 

#Automation #Productivity #BusinessIntelligence #ProjectManagement #WorkflowOptimization #DataManagement #Efficiency"
,,,
"AI isnâ€™t magic â€” itâ€™s math, logic, and a lot of project planning. Letâ€™s debunk the biggest myths.","An AI magician lifting a curtain to reveal that the magic is really math, code, and a project plan",POSTED,"âœ¨ AI isnâ€™t magic â€” itâ€™s math, logic, and a lot of project planning!

If you think artificial intelligence is just a sprinkle of fairy dust, itâ€™s time for a reality check. Behind the dazzling applications lies intricate algorithms and meticulous project execution.

ğŸ” **Letâ€™s debunk some myths:**

1. **""AI replaces human jobs.""** âŒ  
   No, it doesn't. Instead, AI handles repetitive tasks, allowing people to focus on complex problem-solving.

2. **""AI can learn on its own.""** âŒ  
   It needs structured data and human guidance to train effectively.

3. **â€œJust throw data at AI, and it works.â€** âŒ  
   Quality over quantity! Well-organized, relevant datasets lead to better outcomes.

ğŸ’¡ **Actionable Takeaway:**  
Before implementing AI, ensure you have a solid project plan in place. Understand what you want to achieve, define clear objectives, and invest time in training your team. 

Curious about how AI has transformed your industry? Share your experience below! ğŸ‘‡

#ArtificialIntelligence #ProjectManagement #BusinessProductivity #Automation #DebunkingMyths #AIRealities"
,,,
Want to know the difference between an AI project that succeeds and one that fails? Itâ€™s not the tech. Itâ€™s the planning.,Two plants side by side: one thriving with water labeled â€œPlanningâ€ and one wilting without it,POSTED,"ğŸš€ Want to know the difference between an AI project that succeeds and one that fails? Itâ€™s not the tech. Itâ€™s the planning. 

In my years of working with AI implementations, Iâ€™ve seen it time and time again: projects rooted in solid planning not only launch smoothly but also deliver remarkable results. 

ğŸ” **Consider this mini case study:**

A company invested in cutting-edge AI to optimize their supply chain. They had all the latest tech but skipped the strategic phase. The result? Poor alignment with business goals and underwhelming performance.

In contrast, another organization dedicated time to:
- Define clear objectives 
- Identify key stakeholders 
- Map out a phased implementation plan 

This thoughtful approach led to increased efficiency and reduced costsâ€”turning their AI into a game-changer!

**Hereâ€™s your takeaway:** Before diving into technology, invest in meticulous planning. Engage your teams in an open dialogue to ensure every voice is heard and every angle is considered.

Whatâ€™s your strategy when planning an AI project? Share your thoughts below! 

#AI #ProjectManagement #BusinessProductivity #StrategicPlanning #Innovation #TechSuccess "
,,,
I once saved a company $50k a year â€” just by automating the thing no one wanted to touch. Hereâ€™s how I found it.,A treasure chest overflowing with money labeled â€œ$50k Savingsâ€ next to a happy client and an AI assistant,POSTED,"ğŸ’¡ What if the solution to saving $50k a year was hiding in plain sight? 

I faced this exact scenario while working with a mid-sized firm struggling with operational inefficiencies. The team was bogged down by manual data entryâ€”an exhausting process that everyone dreaded. 

That's when I took a closer look at their workflow. Hereâ€™s what I discovered: 

- **Identified Bottlenecks:** I conducted a simple audit, mapping out the entire data flow. It was clear that the time spent on data entry was not just draining energy but also resources. 

- **Implemented Automation:** I introduced a user-friendly automation tool that integrated seamlessly with their existing systems. Output: A reduction in errors, faster processing, and most importantly, time saved.

As a result, the previously overwhelmed team could focus on strategic tasks that added real value to the business. 

ğŸ”‘ **Actionable Tip:** Regularly audit your processes and identify tasks that could benefit from automation. You might be surprised by the potential savings! 

What mundane task has your team been avoiding? Letâ€™s discuss! ğŸ’¬

#Automation #BusinessProductivity #ProjectManagement #CostSavings #Efficiency #AI #WorkflowOptimization"
,,,
"If your automation project feels overwhelming, remember: eat the elephant one bite at a timeâ€¦ or in this case, one process at a time.","A person eating a giant elephant-shaped cake, one slice at a time, while AI helps serve",POSTED,"ğŸš€ Overwhelmed by your automation project? Youâ€™re not alone! 

Many professionals feel daunted by the thought of automating their workflows. The sheer magnitude of it can feel like trying to eat an elephant whole. But hereâ€™s a secret: the trick is to tackle it one bite at a timeâ€”one process at a time.

Hereâ€™s how to break it down effectively:

1. **Identify High-Impact Processes:** Start by pinpointing tasks that consume your time but add minimal value. These are your low-hanging fruits!

2. **Map It Out:** Create a visual flowchart of the selected process. Understanding each step will help you strategize automation effectively.

3. **Take Small Steps:** Implement automation in phases. For instance, if you have a manual reporting process, automate data collection first, then move on to reporting generation.

4. **Review and Iterate:** Once you've automated a process, review its performance, make adjustments, and learn from the outcome. 

By taking it one bite at a time, you'll transform overwhelm into progress. 

What steps have you taken in your automation journey? Share your experiences!

#Automation #BusinessProductivity #ProjectManagement #WorkflowOptimizations #AI #ProcessImprovement"
,,,
Data analytics isnâ€™t about drowning in numbers â€” itâ€™s about finding the one number that changes your strategy.,"A large crowd of numbers, but one golden number standing out with a spotlight shining on it",POSTED,"ğŸ“Š Data analytics isnâ€™t about drowning in numbers â€” itâ€™s about discovering the one metric that transforms your strategy. 

Imagine youâ€™re running a marketing campaign. You're inundated with data: clicks, impressions, conversion rates, engagement metricsâ€¦ it can feel overwhelming! But hereâ€™s the game-changer: 

ğŸ” Focus on one key metric that aligns with your goals. For instance, a client of mine recently wanted to boost sales. Instead of getting lost in myriad analytics, we isolated customer acquisition cost (CAC). 

By optimizing  ğŸš€ this single number, they not only increased their ROI by 30% but also streamlined their ad spend effectively.

**Hereâ€™s how to find that pivotal number:**
1. Define your strategic goals clearly.
2. Identify metrics that directly impact those goals. 
3. Continuously monitor and optimize that metric for results.

Are you lost in data, or do you have your eye on the key numbers that matter? Share your experiences below! 

#DataAnalytics #BusinessStrategy #MetricDriven #DecisionMaking #BusinessGrowth #Productivity #AIInsights"
, ,,
AI projects fail for the same reason diets fail â€” unrealistic expectations and no accountability.,"A treadmill with â€œAI Projectâ€ written on it, a frustrated runner falling off due to lack of planning",POSTED,"ğŸŒŸ Are your AI projects falling short? You're not alone. Many fail for a reason thatâ€™s surprisingly relatable: unrealistic expectations and a lack of accountability. 

ğŸ’¡ Think about your last diet â€” just like setting overly ambitious weight loss goals can lead to disappointment, launching an AI initiative with sky-high hopes often results in similar failures. Expecting a â€œmagic bulletâ€ solution? Thatâ€™s where the trouble begins.

When my team initiated an AI-driven project last year, we grounded our goals in reality. We:
- Defined clear, achievable milestones. 
- Assigned specific roles and responsibilities.
- Instituted a weekly check-in system for accountability.

This approach helped us pivot and adapt, ultimately leading to a successful rollout that exceeded our initial expectations. 

ğŸ¤ The next time you embark on an AI venture, remember to set realistic targets and hold your team accountable. Itâ€™s a game-changer!

What strategies have you found successful for keeping AI projects on track? Share your experiences below!

#AIAutomation #BusinessProductivity #ProjectManagement #Accountability #SuccessStrategies #Innovation #AIProjects"
,,,
Hereâ€™s my checklist for kicking off an AI automation project the right way (and avoiding expensive rework).,"A neat checklist on a clipboard held by an AI robot, ticking off project launch tasks",POSTED,"ğŸš€ Ready to kickstart your AI automation project without the headache of expensive rework? Hereâ€™s my essential checklist!

1. **Define Clear Objectives**: Start by outlining what success looks like. Are you aiming to reduce costs, improve efficiency, or enhance customer experience? Clarity here sets the direction.

2. **Understand Your Data**: Analyze the data you have. Is it clean, organized, and suitable for AI? Poor data quality can derail an entire project.

3. **Engage Stakeholders Early**: Bring in key team members and stakeholders right from the start. Their insights can highlight potential challenges and boost buy-in.

4. **Choose the Right Tools**: Not all AI tools are created equal. Evaluate what fits your unique needs rather than jumping on the latest trend.

5. **Iterate and Test**: Initially develop a minimum viable product (MVP). It allows you to test hypotheses quickly and gather real feedback without heavy investment.

ğŸ” Whatâ€™s your top tip for launching a successful AI automation project? Letâ€™s share insights and elevate our practices together!

#AI #Automation #ProjectManagement #BusinessProductivity #DataDrivenDecisions #Innovation #TechTrends"
,,,
Imagine never having to copy-paste from a spreadsheet again. Thatâ€™s what AI automation did for this client.,A person smiling at a computer screen as a spreadsheet magically fills itself with data,POSTED,"Ever dreamt of waving goodbye to the tedious grind of copy-pasting from spreadsheets? 

For one of our clients in the finance sector, that dream became a reality through AI automation. They spent hours each week manually transferring data between systems, a process that was not only time-consuming but prone to errors.

We implemented an AI-driven solution that seamlessly integrated their spreadsheets with their reporting software. The result? 

âœ¨ **Efficiency:** What took hours now requires mere minutes.  
âœ¨ **Accuracy:** Errors dropped by over 90%!  
âœ¨ **Focus on strategy:** The team can finally concentrate on analysis rather than data entry.

Hereâ€™s a quick takeaway: 

*Identify repetitive tasks in your workflow and explore how AI can streamline them.* 

Start smallâ€”automate just one process this week. Youâ€™ll be amazed at the time and energy you reclaim!

Have you experimented with AI in your workflow? Share your experiences below! 

#AI #Automation #BusinessProductivity #DataManagement #ProjectManagement #Finance #Efficiency"
,,,
The top 5 AI automation tools I recommend to small businesses (and the one I avoid like the plague).,"A toolbox labeled â€œAI Toolsâ€ with shiny new gadgets inside, plus one rusty old tool off to the side",POSTED,"ğŸš€ Thinking of boosting your small business with AI automation? Here are my TOP 5 must-have toolsâ€”and the one to steer clear of!

1. **Zapier**: This powerful tool connects your favorite apps and automates workflows seamlessly. Imagine automatically adding new leads to your CRM without lifting a finger. 

2. **Trello + Butler**: Perfect for project management, Trello keeps your tasks organized while Butler automates repetitive actions. Set up rules like moving cards based on status changes, making your teamâ€™s lives easier.

3. **Slack + Workflow Builder**: Enhance team communication and automate routine tasks directly in Slack. You can create automatic reminders, feedback loops, or onboarding processes with just a few clicks. 

4. **Calendly**: Say goodbye to back-and-forth emails! Let Calendly handle scheduling, so you can focus on what really mattersâ€”growing your business.

5. **Hootsuite**: Streamline your social media presence by scheduling and automating posts across platforms, tracking engagement, and analyzing performance.

ğŸ”» **And the one to avoid?** Anything that claims to be a â€œcatch-allâ€ solution. Often, they lack depth in functionality and can introduce more chaos than order.

ğŸ“ **Takeaway**: Identify your specific needs before diving into the vast ocean of AI tools. Choosing tailored solutions will lead to better outcomes.

Whatâ€™s your go-to AI tool for boosting productivity? Letâ€™s discuss in the comments! 

#AI #Automation #SmallBusiness #Productivity #ProjectManagement #WorkSmart #TechTools"
,,,
"If your AI project is running late and over budget, donâ€™t blame the tech â€” blame the lack of project discipline.",A meeting table with a project manager pointing to a late project timeline while an AI robot shrugs innocently,POSTED,"ğŸš¨ Running late and over budget on your AI project? Itâ€™s not the technology's fault â€” itâ€™s a lesson in project discipline. 

When I was managing an AI implementation last year, we hit a snag: deadlines were slipping, and costs were climbing. The usual suspects â€” tech glitches and resource shortages â€” were nowhere to be found. Instead, it was our project management approach that needed a rethink.

Hereâ€™s what we did:

- **Clear Milestones**: We broke down the project into manageable phases with defined deliverables. This created accountability and kept the team aligned.
- **Regular Check-ins**: Weekly stand-ups allowed us to address issues before they snowballed. Transparency became our superpower.
- **Flexibility with Structure**: While we adhered to project timelines, we also allowed adaptability for unexpected challenges.

The results? A more streamlined process and a final product that exceeded expectations â€” on time and within budget. 

ğŸ‘‰ **Takeaway**: Start prioritizing project discipline today. Are you tracking your project milestones effectively? Share your thoughts and strategies below! 

#AI #ProjectManagement #BusinessProductivity #Automation #Leadership #Agile #TechInnovation"
,,,
"""Think your project is humanâ€‘proof? I add the AI touch.""", A robot and a human highâ€‘fiving over a project blueprint.,POSTED,"ğŸ¤– Think your project is human-proof? Itâ€™s time to add the AI touch!

Many of us believe our well-planned projects can withstand human errors, but what if I told you AI could enhance your project management like never before?

Letâ€™s take a quick look at a recent case study. A construction firm struggled with project delays, overspending, and miscommunication among teams. 

After integrating AI tools to analyze data and predict risks, they saw a transformative shift:

- **Predictive Analytics:** They could foresee potential issues before they arose, allowing for preemptive action. 
- **Resource Optimization:** Jobs were allocated based on real-time data, improving efficiency and reducing waste.
- **Enhanced Communication:** AI-driven chatbots bridged communication gaps, ensuring everyone was on the same page.

The result? 30% faster project completion and a 20% reduction in costs.

So, if you think your project is fail-proof, consider this: how can AI integrate into your workflow to elevate your results?

Letâ€™s discuss! Have you used AI in your projects? Share your experiences below. 

#ProjectManagement #AIAutomation #BusinessProductivity #Innovation #Teamwork #Efficiency #DataDrivenDecisionMaking"
,,,
"""When your Gantt chart gets smart â€” that's me.""", A Gantt chart glowing with AI circuitry overlay.,POSTED,"ğŸš€ Ever wonder what it feels like when your Gantt chart has a brain? 

Imagine this: Youâ€™re knee-deep in a project, juggling deadlines, resources, and team dynamics. Suddenly, your Gantt chart not only maps out tasks but also suggests the most efficient paths forward. 

Thatâ€™s the power of AI automation in project management!  

Hereâ€™s how it can transform your workflow:

- **Enhanced Predictions:** AI analyzes past projects to forecast potential delays, allowing you to proactively adjust timelines.
- **Resource Optimization:** Smart tools assess team workloads and redistribute tasks for balanced performance.
- **Real-Time Updates:** With every task completed, the Gantt chart automatically recalibrates, providing an up-to-date visual of the projectâ€™s health.

ğŸ”‘ **Actionable Tip:** Start integrating AI tools into your project management software today. Whether it's Trello, Asana, or Microsoft Project, look for add-ons that harness the power of AI.  

Your Gantt chart could be more than just a planning toolâ€”it could be your projectâ€™s secret weapon. 

Have you tried any AI-powered tools yet? How has it changed your workflow? Letâ€™s chat in the comments! 

#ProjectManagement #AIautomation #BusinessProductivity #GanttChart #WorkflowOptimization #SmartTools #Efficiency"
,,,
"""I automate your workflows while you sip your coffee.""", A cup of coffee steaming next to a laptop with automation lines.,POSTED,"â˜•ï¸ What if you could automate your workflows while enjoying your morning coffee? Sounds dreamy, right? But itâ€™s becoming a reality for savvy professionals!

Imagine starting your day by sipping a warm brew, while your emails, invoices, and reports are flying through automation software. ğŸš€

A client of mine recently faced chaos managing daily tasks. They were overwhelmed and time-starved. Together, we implemented an automation strategy using tools like Zapier and Asana to streamline processes. Hereâ€™s what happened:

- **Task Delegation:** Recurring tasks like status updates were automated.
- **Notifications:** Team members got instant alerts on project changes.
- **Efficiency Boost:** They reclaimed 15 hours a week!

The result? Instead of scrambling to catch up, my client now has time for strategy and creativity.

ğŸ“ˆ **Actionable Tip:** Start small! Identify one task that takes up too much time; explore automating it today. 

How would you like to transform your daily grind? Share your automation dream below! 

#Automation #Productivity #Workflows #BusinessGrowth #ProjectManagement #Efficiency #Innovation"
,,,
"""From chaos to sprintâ€‘ready â€” powered by AI and me.""", A messy desk transforming into a sleek Agile board under robotic hands.,POSTED,"ğŸš€ **Transforming Chaos into Clarity: The AI Sprint Revolution!** 

Ever feel like your projects are drowning in disarray? I used to, too. But discovering the power of AI has been a game-changer! 

ğŸ” Imagine this: a complex project with endless tasks, shifting deadlines, and team members scattered like confetti. That was my reality until I embraced AI-driven tools for project management. 

**Hereâ€™s how I turned chaos into sprint-ready precision:**

1. **Automated Task Tracking:** AI tools like Asana and Trello now auto-prioritize tasks based on deadlines and dependencies.
2. **Predictive Analytics:** Utilizing AI, I foresee potential roadblocks before they become crises, allowing my team to pivot effectively.
3. **Real-Time Collaboration:** AI chatbots facilitate communication, keeping everyone in sync and engaged, regardless of their location.

The best part? These strategies not only streamline processes but also elevate team morale, empowering everyone to contribute to the projectâ€™s success.

ğŸ“ˆ **Takeaway:** Donâ€™t fear the chaos. Leverage AI to create a structured environment where creativity thrives and projects sprint forward.

Whatâ€™s your secret sauce for managing project chaos? Letâ€™s share insights! 

#ProjectManagement #AI #BusinessProductivity #TeamCollaboration #Automation #Leadership #AgileManagement"
,,,
"""AI via process, ROI via planning.""", An AI brain above a bar graph rising upward.,POSTED,"ğŸš€ Want to unlock the true potential of AI in your organization? It's not just about the techâ€”it's about the strategy! 

When I worked with a mid-sized company, they struggled with deploying AI tools without a clear plan. They jumped straight into implementation, thinking technology would magically boost their ROI. Spoiler alert: it didnâ€™t.

Hereâ€™s the lesson: **AI thrives on process and planning.** 

We revamped their approach by:
- **Mapping processes:** Identifying pain points where AI could add real value.
- **Setting clear goals:** Understanding what success looked like before we started.
- **Continuous feedback loops:** Regularly evaluating results and adjusting based on real-time data.

As a result, their productivity surged by 30% within six months, and the ROI followed. 

**Takeaway:** Donâ€™t just throw AI into the mix. Start with a solid planning process that defines how and where it can be effectively integrated. 

How are you planning to integrate AI into your workflows? Letâ€™s discuss! ğŸ‘‡

#AI #BusinessProductivity #ProjectManagement #ROI #Automation #StrategicPlanning #Leadership"
,,,
"""Who needs sleep when you've automated your QA?""", A robot running QA tests on a laptop.,POSTED,"ğŸ’¤ Who needs sleep when you've automated your QA? 

In today's fast-paced business environment, manual quality assurance can be a real time-suck. I recently worked with a software team that was bogged down by endless testing cycles, leading to late nights and stressed-out developers. 

Then we decided to automate. 

By integrating a comprehensive automation suite, testing processes that used to take days were condensed into hours. Hereâ€™s how we did it:

- **Identify Repetitive Tasks**: We reviewed existing workflows and pinpointed the most repetitive and time-consuming tasks.
- **Choose the Right Tools**: Selecting user-friendly automation tools made it easier for the team to adopt the new system without a steep learning curve.
- **Iterate and Improve**: Automation is not a one-and-done deal; we continuously refined our scripts based on feedback, ensuring we caught bugs earlier in the cycle.

Now, the team can focus on innovation rather than inspections. The result? Increased productivity and well-earned sleep! ğŸ˜´

Have you embraced automation in your workflows? What strategies have worked for you? 

#Automation #QualityAssurance #Productivity #ProjectManagement #TechInnovation #BusinessGrowth #WorkLifeBalance"
,,,
"""Your project manager upgraded to AIâ€‘fusion mode.""", Human silhouette merging with digital/AI circuits.,POSTED,"ğŸš€ Ever wondered what happens when your project manager switches to ""AI-fusion mode""? 

Imagine a world where data-driven insights guide every decision, routine tasks are automated, and project updates are streamlined through intelligent tools. Welcome to the future of project management!

Last quarter, our team witnessed the transformative power of AI. By integrating AI tools into our project workflows, we cut planning time by **30%**. How? 

- **Automation:** Routine updates were handled by AI, freeing our PM to focus on strategy.
  
- **Data Insights:** AI analyzed our performance metrics in real-time, allowing for proactive adjustments.

- **Enhanced Collaboration:** With AI predicting potential roadblocks, the team could tackle issues before they became problems.

The result? Increased productivity and improved team morale! 

ğŸŒŸ **Takeaway**: Upgrading to AI-fusion isn't just a tech trendâ€”it's a mindset shift. Embrace it to empower your project managers and unlock their full potential!

How has AI changed your project management approach? Share your experiences below! 

#ProjectManagement #AIintheWorkplace #BusinessProductivity #Automation #Leadership #FutureOfWork #Innovation"
,,,
"""Turning vague ideas into sprintâ€‘backlog gold, AI style.""", Sparkly idea bulb dropping into a backlog column with AI icons.,POSTED,"ğŸŒŸ Struggling to transform abstract ideas into actionable tasks? Youâ€™re not alone!

In today's fast-paced world, many teams grapple with vague concepts that never seem to materialize. But with a bit of AI magic, turning those nebulous ideas into sprint-backlog gold is entirely possible!

ğŸ”‘ Hereâ€™s how I did it at my last project:

1. **Idea Generation**: We used an AI chatbot to facilitate brainstorming sessions. Team members could text in their fuzzy ideas, which the bot would categorize and refine.

2. **Prioritization**: AI algorithms analyzed historical project data to suggest which ideas would yield the highest impact, considering team capacity and deadlines.

3. **Task Breakdown**: Once ideas were prioritized, AI tools helped break them into user stories or tasks, ensuring they were specific, measurable, and attainable.

The result? A full sprint backlog filled with clear, actionable items, ready for execution!

ğŸ’¡ **Takeaway**: Leverage AI to refine your brainstorming process. Start using tools that can help outline, categorize, and prioritize your ideas effectively.

What strategies do you use to clarify vague concepts in your projects? Letâ€™s discuss!

#AI #ProjectManagement #Productivity #Agile #SprintBacklog #BusinessAutomation #IdeaManagement"
,,,
"""Sprintâ€‘planning with neural network precision.""", Sprint board with a neural net overlay guiding tasks.,POSTED,"ğŸš€ Ready to take your sprint planning to the next level? Imagine harnessing the precision of neural networks in your project management!

In the tech world, we've seen how AI can analyze patterns and make predictions. So why not apply this logic to our sprint planning?

Hereâ€™s a mini case study: 

At XYZ Corp, the team was struggling to estimate workloads accurately. They implemented a simple machine learning model that analyzed past sprint dataâ€”like story points assigned, actual hours worked, and team velocity. 

The result? They could predict future sprint workloads with remarkable accuracy, leading to:

- **Increased Team Efficiency:** No more guesswork in task assignments.
- **Better Stakeholder Communication:** Clearer timelines led to happier clients.
- **More Successful Sprints:** Higher completion rates and quality deliverables. 

**Actionable Takeaway:**
Consider integrating AI tools into your project management workflow. Use data from past sprints to refine estimates and enhance planning precision. 

ğŸ¤” How do you approach sprint planning in your organization? 

#ProjectManagement #AI #NeuralNetworks #BusinessProductivity #SprintPlanning #Agile #DataDrivenDecisionMaking"
,,,
"""Let's teach your tools to talk to each other.""", Two software logos handing data packets via a bot.,POSTED,"ğŸ”— Are your tools living in silos? Letâ€™s teach them to talk to each other! 

In todayâ€™s fast-paced business environment, the ability to integrate your various tools can make or break your productivity. Imagine this: your project management tool, email platform, and CRM all working together seamlessly. 

Recently, I helped a client who was juggling multiple platforms for project tracking and client communication. They were drowning in data entry and missed deadlines. 

Hereâ€™s the game-changer: 

- **Integration**: We implemented automation tools like Zapier to connect their systems.
- **Streamlined Communication**: Emails triggered project updates in real time, while client feedback was logged directly into the project management tool.

The result? They saved 10+ hours a week and improved response time by 30%.

ğŸ”‘ **Takeaway**: Donâ€™t let your tools work in isolation. Invest in integration to boost efficiency and communication.

What tools are you currently using that could benefit from better integration? Iâ€™d love to hear about your experiences! 

#Productivity #Automation #ProjectManagement #Integration #BusinessTools #Efficiency #AI"
,,,
"""Risk management on autopilot with predictive AI.""", Dashboard showing risk alerts being automatically handled.,POSTED,"ğŸš€ Ready to put your risk management on autopilot? 

In todayâ€™s fast-paced business landscape, traditional risk management can feel like driving blindfolded. However, predictive AI is your new co-pilot, guiding you through uncertainty with precision. 

Imagine a project manager named Sarah. She often juggled multiple projects, each rife with potential pitfalls. By integrating predictive AI tools, she began to identify risks before they materialized. 

ğŸ” Hereâ€™s how it worked:  
- **Data Analysis:** The AI analyzed past project data to identify patterns in failures and delays.  
- **Predictive Insights:** It generated forecasts that highlighted potential risks specific to each project phase.  
- **Proactive Adjustments:** With real-time insights, Sarah could adjust timelines and allocate resources efficientlyâ€”staying one step ahead.  

Takeaway? Embrace predictive AI to not just manage risk, but eliminate it before it affects your projects. 

Curious about how AI can revolutionize your risk management strategy? Letâ€™s discuss! 

#RiskManagement #PredictiveAI #BusinessProductivity #ProjectManagement #Automation #FutureOfWork #DataDrivenInsights"
,,,
"""Budget overruns? My AI says 'not today.'""", AI shield protecting a budget chart from red warning arrows.,POSTED,"ğŸ’¡ Tired of budget overruns derailing your projects? My AI says, â€œNot today!â€ 

In today's fast-paced business landscape, unexpected expenses can turn a promising project into a financial nightmare. Let me share how integrating AI into budget management transformed a clientâ€™s approach. 

ğŸš€ **Case Study:**
A mid-sized tech firm was consistently exceeding budgets on its software development projects, often leading to missed deadlines and frustrated teams. 

By implementing an AI-driven budget tracking tool, they:

- Automatically monitored spending in real-time.
- Received alerts when expenses approached budget limits.
- Used predictive analytics to forecast potential cost overruns based on historical data.

The transformation? They reduced budget overruns by **35%** in just six months and gained visibility into where funds were being misallocated.

ğŸ” **Takeaway:**
To avoid budget pitfalls, leverage AI tools that not only track spending but also provide insights. This can't be a â€˜set it and forget itâ€™ scenarioâ€”engage actively with the data!

Are you using AI in your budget management? Share your experiences below!  

#AIAutomation #BudgetManagement #ProjectManagement #BusinessProductivity #FinancialPlanning #Innovation #CostSaving"
,,,
"""Making stakeholder happiness predictable with AI insights.""", Happy stakeholder faces with AI analytics above them.,POSTED,"ğŸŒŸ Are you tired of stakeholder surprises? 

In today's fast-paced business world, understanding and meeting stakeholder expectations can feel like hitting a moving target. But what if I told you that AI could help make stakeholder happiness *predictable*?

Take the example of a client I recently worked with in project management. They struggled with stakeholder feedback â€” often receiving last-minute requests that derailed project timelines. 

By integrating an AI-driven insights tool, they were able to:

- **Analyze past feedback** to reveal patterns and preferences.
- **Anticipate concerns** before they even surfaced.
- **Tailor communication** and updates to match stakeholder expectations.

The result? A 30% increase in stakeholder satisfaction and fewer project delays.

ğŸ”‘ **Actionable takeaway:** Embrace AI tools that provide insights into stakeholder sentiments. Use data analytics to not just react, but anticipate needs. This proactive approach can greatly enhance your project outcomes and relationship building. 

How have you used technology to improve stakeholder relationships? Letâ€™s hear your thoughts!

#AI #StakeholderManagement #BusinessProductivity #ProjectManagement #DataDriven #Automation #Insights"
,,,
"""Continuous integration meets continuous intelligence.""", CI/CD pipeline with AI brain analyzing each stage.,POSTED,"ğŸš€ Continuous integration (CI) just got a powerful upgradeâ€”say hello to continuous intelligence (CI)!  

Imagine a software development process where code updates are not only deployed seamlessly but are also analyzed in real-time, providing insights that drive smarter business decisions. This isnâ€™t the future; itâ€™s happening now!  

Companies embracing CI and CI together are transforming their workflows:  

- **Faster Deliverables:** Teams can push code updates continuously, reducing bottlenecks and driving efficiency.  
- **Real-Time Feedback:** Immediate insights enable developers to fix issues on-the-fly, enhancing product quality.  
- **Data-Driven Decisions:** Continuous intelligence helps teams assess user behavior post-deployment, offering a clearer vision of needed adjustments.  

ğŸ”‘ **Key Takeaway:** Merging CI with CI creates a feedback loop that empowers teams to not only deliver but to learn and adapt continuously.  

Is your team leveraging the power of continuous intelligence? If not, whatâ€™s holding you back?  

Letâ€™s discuss how you can integrate these processes into your workflow!  

#ContinuousIntegration #ContinuousIntelligence #BusinessProductivity #AgileDevelopment #DataDrivenDecisions #SoftwareDevelopment #ProjectManagement"
,,,
"""Project timelines that adapt faster than market conditions.""", Timeline adjusting automatically as market graphs fluctuate.,POSTED,"ğŸš€ What if your project timeline could adapt faster than market conditions? 

In today's dynamic business environment, rigidity is a recipe for failure. Companies that thrive are those that embrace agility in project management. 

I recently worked with a tech startup that faced unexpected market shifts. Rather than sticking stubbornly to their initial project timeline, they implemented a flexible approach. Hereâ€™s how they did it:

- **Weekly Check-Ins:** Instead of lengthy monthly reviews, they held quick weekly stand-ups to assess progress and address immediate challenges. 
- **Feedback Loops:** They established rapid feedback channels with stakeholders to adjust priorities based on real-time insights.
- **Iterative Planning:** By breaking their projects into smaller sprints, they could pivot quickly without derailing the entire initiative.

The results? A project that not only met its original goals but also leveraged market opportunities, improving stakeholder satisfaction significantly! 

ğŸ”„ **Takeaway:** Invest in adaptability; itâ€™s the key to staying ahead. 

How has flexibility improved your project outcomes? Share your experiences! 

#ProjectManagement #Agility #BusinessProductivity #AIautomation #Leadership #Innovation #Adaptability"
,,,
"""Making project risks as predictable as your morning coffee.""", Coffee cup next to a risk prediction dashboard.,POSTED,"â˜•ï¸ Ever had that sinking feeling when a project suddenly derails because of an unforeseen risk? 

What if I told you that you could make project risks as predictable as your morning coffee? 

In my experience managing multiple projects, I've learned that risk management doesnâ€™t have to be complex. Hereâ€™s a simple workflow that has transformed how I approach risks:

1. **Identify:** At the start of any project, dedicate time to brainstorm potential risks with your team. A collaborative effort yields the most insights.

2. **Assess:** Prioritize these risks based on their potential impact and likelihood. Use a simple matrix to visualize where your focus should be.

3. **Mitigate:** Create a clear action plan for the top risks. It can be as straightforward as assigning team members to monitor these risks regularly.

4. **Review:** Schedule bi-weekly check-ins to revisit your risk list. Update based on project evolution to keep everyone in the loop.

By making risk management a regular part of your routine, youâ€™ll feel much more in control. What strategies do you use to predict risks in your projects?

#ProjectManagement #RiskManagement #BusinessProductivity #AIautomation #Leadership #WorkplaceStrategies #ContinuousImprovement"
,,,
"""I turn your team's chaos into coordinated brilliance.""", Chaotic team turning into synchronized formation with AI orchestration.,POSTED,"ğŸŒ€ Chaos or coordination? Why not both? 

In the fast-paced world of project management, teams often find themselves tangled in a web of missed deadlines, unclear objectives, and endless email threads. Sound familiar? 

Recently, I worked with a marketing team that struggled with constant last-minute changes and communication breakdowns. They felt overwhelmed, and productivity was taking a hit. 

By implementing a simple yet effective workflow:

- **Daily Stand-ups:** Short, focused meetings to align priorities.
- **Centralized Project Management Tool:** Ensured everyone was on the same page.
- **Clear Task Ownership:** Individuals had clear responsibilities, reducing overlap.

Within weeks, the team's chaos transformed into a synchronized effort, resulting in a smoother campaign launch and improved morale. The key takeaway? 

**Structure breeds clarity.**

Are you enabling your team to work harmoniously, or is chaos still ruling the roost? Letâ€™s share strategies! 

ğŸ‘‡ Whatâ€™s your top tip for turning chaos into coordination? 

#ProjectManagement #Teamwork #BusinessProductivity #WorkplaceCulture #AI #Automation #Leadership"
,,,
"""Stakeholder meetings? AI prepped, you delivered.""", AI briefing a project manager before a stakeholder meeting.,POSTED,"ğŸš€ Are your stakeholder meetings a constant struggle? 

Imagine walking into a meeting where every participant is aligned, informed, and ready to hit the ground runningâ€”all thanks to a little help from AI. 

Let me share a quick story. Last quarter, my team faced bottlenecks due to unclear communication in stakeholder meetings. We decided to integrate AI tools to prep for our discussions. 

Hereâ€™s how it transformed our process: 

1. **Data Gathering:** We used AI to compile insights from previous meetings and relevant project updates, which helped provide context.

2. **Agenda Creation:** Based on the data, AI helped us craft a concise agenda reflecting urgent priorities.

3. **Actionable Insights:** AI-generated reports highlighted key performance metrics, enabling us to focus on what truly mattered.

As a result, our meetings became 30% shorter, and engagement soared! Everyone left with a clear understanding of their next steps.

ğŸ’¡ **Takeaway:** Leverage AI to prep for meetings, and watch how it enhances communication and productivity.

How have you utilized AI in your meetings? Share your experiences below! 

#AI #BusinessProductivity #StakeholderEngagement #ProjectManagement #Automation #Meetings #Leadership"
,,,
"""Deadlines are no longer suggestions when AI's involved.""", Calendar with AI ensuring deadlines are locked and protected.,watting,
,,,
"""Resource allocation gets a brain transplant with AI.""", AI brain distributing resources optimally across team members.,watting,
,,,
"""Quality control? AI never blinks, never misses.""", AI eye scanning code/deliverables with 100% accuracy indicator.,watting,
,,,
"""I make Agile actually agile with artificial intelligence.""", Agile board moving at lightning speed with AI acceleration.,watting,
,,,
"""Scope creep meets its match: predictive project intelligence.""", AI shield blocking scope creep arrows from hitting a project.,watting,
,,,
"""Turning project data into actionable intelligence, daily.""", Raw data transforming into actionable insights with AI processing.,watting,
,,,
"""Meeting overload? AI streamlines what matters."""," AI filtering out unnecessary meetings, keeping only essential ones.",watting,
,,,
"""Predictive analytics make me the project fortune teller.""", AI crystal ball showing future project outcomes.,watting,
,,,
"""AI automation: because manual project tracking is so 2023.""", Outdated manual tracking being replaced by sleek AI dashboard.,watting,
,,,
"""Smart delegation: AI knows who does what best.""", AI matching tasks to team members based on skills analysis.,watting,
,,,
"""Communication gaps? AI builds the bridge.""", AI building a communication bridge between disconnected team members.,watting,
,,,
"""Dependencies untangled with machine learning magic.""", Complex project dependencies being organized by AI magic.,watting,
,,,
"""Call me the AI automation ringmaster.""", Circus ringmaster holding AI-powered tools.,watting,
,,,
"""Your productâ€™s AI bodyguard.""", Shield with AI emblem defending product icon.,watting,
,,,
"""From backlog piles to smooth aislesâ€”AIâ€‘style.""", Piled backlog morphing into neat shelves via robot forklift.,watting,
,,,
"""I automate the boring parts so you can do the brilliant parts."""," Boring tasks chained up, AI unlocking them for creative person.",watting,
,,,
"""Letâ€™s make your roadmap singâ€”in AI harmony."""," Roadmap as sheet music, AI conductor waving baton.",watting,
,,,
"""No more â€œlater.â€ AI does â€œnow.â€"," Word â€œLaterâ€ crossed out, replaced with â€œNowâ€ in neon.",watting,
,,,
"""I turn your toâ€‘do list into a whoâ€‘didâ€‘it list.""", Toâ€‘do list with check marks and playful detective icons.,watting,
,,,
"""Because automation is the new black.""", Little black dress made of code in a fashion runway.,watting,
,,,
"""Your AI automation matchmaker.""    Meta & Selfâ€‘Referential Fun", Robin Hoodâ€‘style cupid shooting automation arrows connecting tools.,watting,
,,,
"""Prompt writing made automated. I even automated this line.""", Keyboard typing itself with robot hands.,watting,
,,,
"""This prompt? AIâ€‘assisted by yours truly.""", Speech bubble with prompt writing itself under AI glow.,watting,
,,,
"""Marketing prompts? I have AI to do that too.""", Stack of prompts being produced by robot printer.,watting,
,,,
"""Yes, I used AI to market my own AI skills. Meta, right?""", Mirror reflecting an AIâ€‘glowing person holding a sign.,watting,
,,,
"""Even my jokes came with AI edge.""", Laughing emoji with circuits.,watting,
,,,
"""Iâ€™m prompt-ing my way to better automation.""", Prompt bubbles stacking up into AI tower.,watting,
,,,
"""This post wrote itselfâ€”almost."""," Speech bubble with text drafting itself, human tweaking last line.",watting,
,,,
"""Automated marketing? Iâ€™m walking the talk.""", Footprints made of code leading to a robot megaphone.,watting,
,,,
"""If Iâ€™m not automating something, Iâ€™m automating someone who is.""", Russianâ€‘doll style: human prompting AI prompting human prompting AI.,watting,
,,,
"""Yes, I made 100 prompts. And yes, I used AI. And yes, Iâ€™m proud of it.""", Trophy shaped like â€œ100â€ with AI ribbons.,watting,
,,,
"Why chase likes when an AI can chase them for you? Automating social posts isnâ€™t about laziness â€” itâ€™s about consistency that never gets tired.
ğŸ‘‰ This is what I set up for a small business owner, and itâ€™s what I can do for your org."," A robot wearing pajamas, scrolling on a phone, scheduling posts while the business owner sleeps.",watting,
,,,
"Your marketing funnel shouldnâ€™t leak like a dollar store bucket. AI funnels plug the gaps: landing pages that adjust on the fly, emails that write themselves, and ads that donâ€™t miss their mark.
ğŸ‘‰ I built one, I can build yours."," A funnel with water pouring in at the top, but AI robots patching the leaks with duct tape.",watting,
,,,
"The best employee I ever hired works 24/7, never complains, and costs pennies.  
Spoiler: itâ€™s an AI chatbot.
ğŸ‘‰ Want me to introduce you?"," A chatbot wearing a superhero cape, saving stressed-out employees at a help desk.",watting,
,,,
"AI turns 1 video into 100 marketing assets.
Itâ€™s like a chia pet, but for content.
ğŸ‘‰ Thatâ€™s the growth hack Iâ€™ve delivered â€” and I can do it for you.", A video camera sprouting tiny social media icons like leaves on a plant.,watting,
,,,
"Your logo shouldnâ€™t look like it was designed in Microsoft Paint.
AI branding tools = instant glow-up.
ğŸ‘‰ I made it happen for a small business. I can make it happen for yours.", A business card with a sad stick-figure logo being replaced by a sleek futuristic AI-designed logo.,watting,
,,,
"E-commerce rule #1: If your product description snores, so will your sales.
AI doesnâ€™t just describe â€” it sells.
ğŸ‘‰ Iâ€™ve automated this before, and I can do it for you.", A bored shopper asleep on their laptop while an AI robot swoops in with exciting product copy.,watting,
,,,
"AI scheduling tools = never missing â€œNational Donut Dayâ€ again.
Because your competitors already posted their donuts at 8AM.
ğŸ‘‰ Let me set you up so youâ€™re always first.", A donut floating in space with â€œAI Social Schedulerâ€ written across it.,watting,
,,,
"A funnel is like dating â€” if itâ€™s not personalized, it wonâ€™t convert.
AI makes sure your customers donâ€™t get ghosted.
ğŸ‘‰ Thatâ€™s what I bring to your org."," A dating app interface, but instead of people, it shows â€œHot Leads,â€ â€œWarm Prospects,â€ and â€œClosed Deals.â€",watting,
,,,
"Your chatbot doesnâ€™t have to sound like a fax machine.
I build AI support thatâ€™s human enough to laugh at dad jokes.
ğŸ‘‰ Want one?"," A chatbot serving coffee to a customer, both laughing together.",watting,
,,,
"Content repurposing = squeezing every drop out of your marketing lemon.
Why waste pulp when you can make lemonade (and TikToks)?
ğŸ‘‰ Iâ€™ve built these systems before â€” Iâ€™ll build them for you."," A lemon being squeezed, with TikTok, YouTube, LinkedIn, and Blog icons dripping out as juice.",watting,
,,,
"AI doesnâ€™t replace your brand designer â€” it replaces their â€œinspiration nap.â€
ğŸ‘‰ I can speed up design, not kill creativity.", A designer sleeping at a desk while an AI assistant sketches logos beside them.,watting,
,,,
"Shopify + AI = your store on autopilot.
From descriptions to ads to recommendations, your store sells while you Netflix.
ğŸ‘‰ Iâ€™ve done it. Iâ€™ll do it for you.", A Shopify storefront flying through space like a rocket with AI bots piloting.,watting,
,,,
"Posting on 6 platforms manually is like making 6 Thanksgiving dinners.
Why not let AI serve leftovers everywhere at once?
ğŸ‘‰ Thatâ€™s what I automate."," A giant Thanksgiving table, each dish labeled â€œTwitter,â€ â€œLinkedIn,â€ â€œInstagram,â€ etc., being served by AI chefs.",watting,
,,,
"Customer service is like plumbing: nobody notices until it breaks.
AI makes sure it never clogs.
ğŸ‘‰ I set this up for a business owner. I can do it for you."," A chatbot fixing leaky pipes while a customer smiles, stress-free.",watting,
,,,
"If your email funnel sounds like a robot, youâ€™re doing it wrong.
Irony: AI writes better human emails than most humans.
ğŸ‘‰ Let me prove it.", A robot typing on a laptop with Shakespeareâ€™s feather pen.,watting,
,,,
Your brand identity shouldnâ€™t be â€œClipart 2004.â€, A dusty old clipart logo being polished into a glowing futuristic emblem.,watting,
,,,
"One business owner told me: â€œI finally feel like my business is bigger than me.â€
Thatâ€™s the power of automation.
ğŸ‘‰ Ready to feel the same?"," A small shop expanding into a skyscraper, powered by gears labeled â€œAI.â€",watting,
,,,
"AI isnâ€™t replacing jobs. Itâ€™s replacing headaches.
Especially the repetitive ones.
ğŸ‘‰ I specialize in headache removal.", An AI doctor handing a â€œNo More Tasksâ€ prescription to a business owner.,watting,
,,,
"If content is king, AI is the royal chef.
Serving blog posts, tweets, and videos like a buffet.
ğŸ‘‰ Iâ€™ll build your feast."," A banquet table full of content dishes (tweets, blogs, videos), with an AI chef presenting it.",watting,
,,,
"AI Project Manager = part strategist, part techie, part magician.
I donâ€™t just build tools â€” I orchestrate results.
ğŸ‘‰ Letâ€™s make your business future-proof."," A magician pulling a laptop out of a hat, surrounded by glowing AI icons.",watting,